<?xml version="1.0" encoding="UTF-8"?>
    <addon id="repository.wimpie" name="Wimpie's Addons" version="0.1.0" provider-name="Wimpie-ccc">
        <requires>
            <import addon="xbmc.addon" version="12.0.0"/>
        </requires>
        <extension point="xbmc.addon.repository" name="Wimpie's Addons">
            <info compressed="false">https://raw.githubusercontent.com/Wimpie-ccc/Kodi_Addon_Repository/master/addons.xml</info>
            <checksum>https://raw.githubusercontent.com/Wimpie-ccc/Kodi_Addon_Repository/master/addons.xml.md5</checksum>
            <datadir zip="true">https://github.com/Wimpie-ccc/Kodi_Addon_Repository/</datadir>
            <hashes>false</hashes>
        </extension>
        <extension point="xbmc.addon.metadata">
            <summary>my addons</summary>
            <description>hope you find them usefull</description>
            <platform>all</platform>
    </extension>
</addon>